cluster_idx,top_words,GPT_summarization,size_total,AI_size_total,degree,AI_from_sci,AI_from_ai,Type,ratio
262,"['learning', 'neural networks', 'neural', 'networks', 'computing', 'data', 'machine']",Neural Network Challenges,820,375,164,156,219,Well-explored,0.45731706759369434
39,"['traffic', 'scheduling', 'congestion', 'vehicle', 'urban', 'vehicles', 'road']",Urban Traffic Management,551,298,122,5,293,Well-explored,0.540834835919513
267,"['data', 'medical', 'electronic health', 'health records', 'patient', 'records', 'healthcare']",Electronic Health Data Challenges,232,178,102,27,151,Well-explored,0.7672413462395972
219,"['imaging', 'microscopy', 'resolution', 'fluorescence', 'challenge', 'imaging challenge', 'images']",Advanced Imaging Challenges,1094,190,89,127,63,Well-explored,0.17367458707792882
290,"['data', 'inference', 'high dimensional', 'models', 'challenge', 'markov', 'estimation']",Statistical Inference,485,145,89,16,129,Well-explored,0.29896906600063783
316,"['decision', 'decision making', 'making', 'decisions', 'choice', 'making investigation', 'choices']",Decision Making,768,153,86,53,100,Well-explored,0.1992187474060059
277,"['language', 'speech', 'languages', 'words', 'linguistic', 'word', 'semantic']",Language Processing,501,188,85,49,139,Well-explored,0.37524949350799414
288,"['equations', 'differential equations', 'dynamical systems', 'systems', 'partial differential', 'dynamical', 'challenge']",Dynamical Systems,310,136,84,25,111,Well-explored,0.43870966326743027
376,"['visual', 'sensory', 'cortex', 'visual cortex', 'neural', 'attention', 'investigation']",Visual Perception and Neuroscience,881,148,82,86,62,Well-explored,0.1679909175029408
7,"['auctions', 'auction', 'revenue', 'price', 'pricing', 'market', 'indivisible']",Market Pricing and Allocation,365,121,77,2,119,Well-explored,0.33150684023268934
380,"['brain', 'neural', 'imaging', 'stimulation', 'neuronal', 'activity', 'challenge']",Neural Imaging Techniques,387,103,74,34,69,Well-explored,0.26614986392377615
282,"['cell', 'single cell', 'rna sequencing', 'cell rna', 'sequencing', 'data', 'single']",Single-cell RNA Sequencing,452,135,71,121,14,Well-explored,0.29867255976388146
35,"['robots', 'soft', 'robot', 'robotic', 'soft robots', 'actuators', 'actuation']",Soft Robotics,409,121,69,16,105,Well-explored,0.29584351354905836
98,"['drug', 'drug discovery', 'molecular', 'molecules', 'discovery', 'challenge', 'chemical']",Drug Discovery,274,140,67,50,90,Well-explored,0.5109488864617195
307,"['protein', 'proteins', 'challenge', 'design', 'sequence', 'sequences', 'protein sequences']",Protein Design and Function Prediction,345,123,67,84,39,Well-explored,0.35652172879647165
361,"['social', 'social networks', 'social media', 'online', 'media', 'political', 'networks']",Social Media Dynamics,432,79,67,10,69,Well-explored,0.18287036613726004
183,"['materials', 'alloys', 'mechanical', 'deformation', 'grain', 'ductility', 'properties']",Mechanical Properties of Materials,1308,121,64,103,18,None,0.09250764455269385
272,"['causal', 'variables', 'treatment effects', 'treatment', 'causal inference', 'observational', 'data']",Causal Inference,289,102,62,12,90,Well-explored,0.35294116425809124
291,"['optimization', 'problems', 'optimization problems', 'linear', 'control', 'convex', 'challenge']",Optimization Problems,239,96,60,5,91,Well-explored,0.40167362336093626
8,"['games', 'game', 'nash', 'players', 'equilibria', 'sum', 'player']",Game Theory Challenges,254,94,58,2,92,Well-explored,0.37007872558745175
281,"['urban', 'cities', 'city', 'mobility', 'economic', 'smart', 'particularly']",Urban Dynamics,353,73,54,12,61,Well-explored,0.2067988609971994
387,"['brain', 'connectivity', 'neural', 'functional connectivity', 'functional', 'cortical', 'neurons']",Brain Connectivity,433,58,45,30,28,Well-explored,0.1339491885923975
187,"['networks', 'network', 'complex networks', 'nodes', 'graph', 'graphs', 'complex']",Complex Network Dynamics,357,54,43,11,43,Well-explored,0.15126049996469187
155,"['sparse', 'recovering', 'noise', 'signal', 'measurements', 'recovery', 'challenge']",Sparse Signal Processing,135,50,41,4,46,Well-explored,0.3703703429355301
191,"['artificial intelligence', 'intelligence', 'artificial', 'ai', 'ethical', 'challenge', 'particularly']",Artificial Intelligence Ethics,178,52,41,21,31,Well-explored,0.2921348150486059
218,"['cancer', 'tumor', 'ovarian', 'breast', 'ovarian cancer', 'breast cancer', 'carcinoma']",Cancer Detection,325,85,41,58,27,Well-explored,0.26153845349112453
381,"['neural', 'brain', 'activity', 'neural activity', 'neuronal', 'neurons', 'cortical']",Neural Activity Dynamics,286,58,40,19,39,Well-explored,0.20279719570639176
266,"['genetic', 'variants', 'genetic variants', 'traits', 'diseases', 'complex traits', 'disease']",Genetic Variants and Traits,492,64,39,53,11,Well-explored,0.13008129816907932
317,"['protein', 'protein protein', 'interactions', 'proteins', 'protein interactions', 'binding', 'disordered proteins']",Protein-Protein Interactions,421,73,39,55,18,Well-explored,0.17339667046563728
42,"['power', 'energy', 'electricity', 'wind', 'grid', 'renewable', 'renewable energy']",Energy Management,141,45,37,2,43,Well-explored,0.31914891353553804
278,"['auditory', 'music', 'sound', 'musical', 'audio', 'sounds', 'speech']",Auditory Perception,173,49,36,9,40,Well-explored,0.2832369778475735
330,"['depression', 'stress', 'depressive', 'anxiety', 'taste', 'depressive disorder', 'major depressive']",Depression and Anxiety,566,50,36,17,33,Well-explored,0.08833922105407738
356,"['monsoon', 'rainfall', 'precipitation', 'climate', 'drought', 'summer monsoon', 'asian']",Monsoon and Precipitation Variability,363,49,36,21,28,Well-explored,0.1349862221766881
336,"['privacy', 'data', 'security', 'information', 'sharing', 'challenge', 'credit']",Privacy and Data Security,245,42,34,9,33,Well-explored,0.17142856443148716
53,"['epidemic', 'infectious', 'pandemic', 'infectious diseases', 'influenza', 'disease', 'outbreaks']",Infectious Disease Modeling,213,38,33,12,26,Well-explored,0.17840374749278182
129,"['drug', 'drugs', 'cancer', 'combinations', 'adverse', 'effects', 'anticancer']",Anticancer drug interactions,131,42,33,12,30,Well-explored,0.3206106625488044
58,"['covid', 'covid 19', '19', 'pandemic', '19 pandemic', 'transmission', 'public']",COVID-19 Pandemic Impact,435,42,31,16,26,Well-explored,0.09655172191835122
82,"['chemical', 'reactions', 'chemical reactions', 'reaction', 'chemical reaction', 'isomerization', 'challenge']",Chemical Reaction Dynamics,300,44,31,37,7,Well-explored,0.14666666177777796
215,"['heart', 'cardiac', 'heart failure', 'cardiomyopathy', 'atrial', 'failure', 'atrial fibrillation']",Cardiac Conditions,451,46,31,23,23,Well-explored,0.10199556314865714
269,"['wireless', 'optical', 'communication', 'radio', 'challenge', 'communication systems', 'transmission']",Wireless Optical Communications,310,39,31,9,30,Well-explored,0.12580644755463075
168,"['turbulence', 'fluid', 'turbulent', 'flow', 'fluids', 'bubbles', 'shear']",Turbulent Flow Dynamics,403,41,30,25,16,Well-explored,0.10173697018022407
309,"['motor', 'locomotion', 'movements', 'learning', 'movement', 'investigation', 'sensorimotor']",Motor Control,344,42,30,26,16,Well-explored,0.12209301970659828
347,"['social', 'cooperation', 'individuals', 'particularly', 'investigation', 'cultural', 'group']",Social Cooperation,452,39,30,12,27,Well-explored,0.08628318393178797
359,"['misinformation', 'news', 'media', 'social media', 'social', 'false', 'online']",Misinformation on social media,185,38,30,4,34,Well-explored,0.20540539430241112
33,"['earthquakes', 'earthquake', 'seismic', 'slip', 'fault', 'slow slip', 'faults']",Seismic Phenomena,396,36,29,26,10,Well-explored,0.09090908861340685
72,"['alzheimer', 'alzheimer disease', 'disease', 'amyloid', 'disease alzheimer', 'cognitive', 'associated alzheimer']",Alzheimer's Disease Mechanisms,549,46,29,19,27,Well-explored,0.08378870521332049
319,"['cryo', 'cryo electron', 'protein', 'electron microscopy', 'structure determination', 'microscopy', 'electron']",Cryo-electron microscopy,232,35,28,31,4,Well-explored,0.15086206246284214
34,"['tactile', 'skin', 'sweat', 'sensors', 'touch', 'challenge', 'wearable']",Tactile Sensing Technology,408,45,27,32,13,Well-explored,0.1102941149437717
285,"['expression', 'gene', 'gene expression', 'genes', 'regulation', 'cell', 'control gene']",Gene Expression Regulation,431,33,27,32,1,None,0.07656612351354702
350,"['racial', 'students', 'education', 'police', 'student', 'academic', 'educational']",Racial Disparities in Education and Society,336,29,27,8,21,Well-explored,0.08630952124078807
354,"['scientific', 'review', 'peer', 'research', 'legal', 'findings', 'science']",Scientific Integrity,329,28,27,9,19,Well-explored,0.08510638039190334
313,"['emotional', 'emotions', 'emotion', 'facial', 'expressions', 'social', 'affective']",Emotional Processing,118,28,26,10,18,Well-explored,0.237288115484058
348,"['memory', 'memories', 'working memory', 'hippocampus', 'working', 'episodic', 'consolidation']",Memory Processes,583,36,26,26,10,None,0.061749570124364155
240,"['quantum', 'quantum systems', 'systems', 'decoherence', 'quantum states', 'quantum body', 'body']",Quantum Coherence and Dynamics,555,36,25,26,10,None,0.06486486369612858
306,"['peptides', 'peptide', 'amino', 'polyketide', 'amino acids', 'prebiotic', 'acids']",Peptides and Amino Acids,422,29,25,25,4,None,0.06872037751847447
321,"['poverty', 'economic', 'inequality', 'income', 'social', 'socioeconomic', 'wealth']",Socioeconomic Inequality and Conflict,302,33,25,17,16,Well-explored,0.10927151956054572
284,"['transcription', 'gene', 'regulatory', 'transcriptional', 'transcription factors', 'regulation', 'expression']",Gene Regulatory Networks,619,49,24,48,1,None,0.07915993410080882
367,"['social', 'investigation', 'foraging', 'animals', 'behavior', 'particularly', 'animal']",Social Behavior in Animals,407,34,24,26,8,None,0.08353808148555082
371,"['navigation', 'hippocampal', 'spatial', 'cortex', 'grid', 'hippocampus', 'cognitive']",Spatial Navigation and Memory,251,28,23,12,16,Well-explored,0.11155378041618405
83,"['synthesis', 'chiral', 'challenge', 'enantioselective', 'alkenes', 'compounds', 'amines']",Asymmetric Synthesis,1172,36,22,23,13,Under-explored,0.030716723287399973
135,"['energy', 'singlet', 'fission', 'electron', 'fusion', 'electrons', 'density functional']",Energy Dynamics,273,32,22,26,6,Well-explored,0.11721611292248672
343,"['learning', 'reward', 'rewards', 'reinforcement', 'reinforcement learning', 'associative', 'investigation']",Reinforcement Learning,226,29,22,20,9,Well-explored,0.12831857839298325
0,"['retinal', 'degeneration', 'macular', 'macular degeneration', 'related macular', 'vision', 'blindness']",Retinal Degenerative Diseases,351,26,21,14,12,None,0.07407407196370167
225,"['synthetic', 'circuits', 'challenge', 'peroxide', 'hydrogen peroxide', 'synthetic biology', 'biological']",Synthetic Biological Circuits,241,26,21,24,2,Well-explored,0.10788381295087913
265,"['genome', 'mitochondrial dna', 'mutations', 'mitochondrial', 'genetic', 'dna', 'sequencing']",Mitochondrial DNA Mutations,542,38,21,34,4,None,0.07011069981345573
280,"['cancer', 'mutations', 'somatic', 'somatic mutations', 'tumor', 'dna', 'mutation']",Cancer Mutation Studies,690,43,21,41,2,None,0.062318839676538555
296,"['rna', 'rna binding', 'binding', 'mrna', 'proteins', 'folding', 'binding proteins']",RNA-Protein Interactions,359,24,21,21,3,None,0.0668523658258394
353,"['funding', 'scientific', 'science', 'health', 'research', 'public', 'academic']",Science Policy Challenges,418,29,21,6,23,Well-explored,0.06937798877086152
64,"['autism', 'autism spectrum', 'spectrum disorder', 'spectrum', 'disorder', 'spectrum disorders', 'disorders']",Autism Spectrum Disorders,221,21,20,10,11,Well-explored,0.09502262013472307
245,"['challenge', 'detection', 'biosensors', 'molecules', 'detecting', 'biomolecules', 'monitoring']",Biosensor Detection Challenges,407,33,20,29,4,None,0.08108107908891699
4,"['sleep', 'rem', 'rapid eye', 'wakefulness', 'eye movement', 'consolidation', 'eye']",Sleep and Memory,339,23,19,14,9,None,0.06784660566824173
87,"['catalysts', 'catalytic', 'metal', 'catalyst', 'reactions', 'catalysis', 'atom catalysts']",Catalytic Reactions,791,22,19,21,1,Under-explored,0.027812894717915364
248,"['chromatin', 'nucleosome', 'genome', 'organization', 'heterochromatin', 'nucleosomes', 'histone']",Chromatin Organization,532,30,19,29,1,None,0.056390976383628263
362,"['food', 'agricultural', 'crop', 'climate', 'agriculture', 'climate change', 'crops']",Agricultural and Climate Impacts,327,27,19,5,22,Well-explored,0.08256880481440965
382,"['genetic', 'evolutionary', 'species', 'investigation', 'speciation', 'adaptation', 'evolution']",Evolutionary Genetics,773,23,19,19,4,Under-explored,0.029754204013529056
171,"['river', 'flood', 'flooding', 'coastal', 'sediment', 'sea', 'sea level']",Flooding and Water Risks,346,20,18,12,8,None,0.05780346653747207
184,"['antibiotic', 'resistance', 'antibiotics', 'antibiotic resistance', 'bacteria', 'antimicrobial', 'bacterial']",Antibiotic Resistance,630,24,18,24,0,Under-explored,0.03809523749055179
239,"['quantum', 'qubits', 'quantum computing', 'qubit', 'computing', 'error', 'quantum error']",Quantum Error Correction,359,21,18,14,7,None,0.05849582009760947
360,"['voting', 'political', 'election', 'voters', 'elections', 'social', 'preferences']",Political Behavior,285,23,18,8,15,Well-explored,0.08070175155432452
377,"['visual', 'eye movements', 'eye', 'motion', 'movements', 'perception', 'visual information']",Visual Motion Perception,135,25,18,16,9,Well-explored,0.18518517146776506
23,"['insulin', 'diabetes', 'type diabetes', 'glucose', 'insulin resistance', 'pancreatic', 'type']",Diabetes and Insulin Regulation,777,18,17,7,11,Under-explored,0.023166022867876154
59,"['covid', 'covid 19', '19', 'patients', '19 patients', '19 particularly', 'sars cov']",COVID-19 Immune Response,235,25,17,21,4,Well-explored,0.10638297419646918
62,"['cognitive', 'aging', 'cognitive decline', 'neurodegenerative', 'brain', 'decline', 'neurodegeneration']",Cognitive Decline and Neurodegeneration,185,17,17,9,8,Well-explored,0.09189188692476287
346,"['climate', 'emissions', 'carbon', 'climate change', 'greenhouse', 'carbon dioxide', 'dioxide']",Carbon Emissions Mitigation,537,17,17,10,7,Under-explored,0.03165735509017961
365,"['marine', 'fishing', 'fisheries', 'fish', 'climate', 'ecosystems', 'ocean']",Marine Ecosystems,688,20,17,16,4,Under-explored,0.029069767019334784
372,"['forest', 'forests', 'climate', 'carbon', 'tree', 'biodiversity', 'deforestation']",Forests and Climate Change,1029,23,17,16,7,Under-explored,0.02235179764478331
9,"['addiction', 'cocaine', 'alcohol', 'opioid', 'use disorder', 'nicotine', 'use']",Drug Addiction,255,18,16,7,11,Well-explored,0.07058823252595166
19,"['kidney', 'kidney disease', 'kidney injury', 'disease', 'acute kidney', 'polycystic', 'renal']",Kidney Disease,439,18,16,10,8,Under-explored,0.04100227697033538
188,"['cancer', 'treatment', 'therapy', 'ovarian', 'tumor', 'cancer treatment', 'ovarian cancer']",Cancer Treatment Therapies,277,22,16,17,5,None,0.07942237980424623
352,"['climate', 'warming', 'climate models', 'climate change', 'temperature', 'change', 'global']",Climate Models,216,18,16,12,6,Well-explored,0.08333332947530882
210,"['cell', 'cell receptor', 'receptor', 'antigen', 'cells', 'mhc', 'cell receptors']",T-cell receptors,368,21,15,18,3,None,0.05706521584061914
236,"['infrared', 'photodetectors', 'mid infrared', 'ray', 'optical', 'challenge', 'light']",Infrared Photodetectors,332,19,15,18,1,None,0.05722891393888814
314,"['water', 'groundwater', 'water quality', 'freshwater', 'water resources', 'climate', 'resources']",Water Resources Challenges,274,16,15,7,9,None,0.05839415845276794
54,"['cov', 'sars', 'sars cov', 'covid', 'covid 19', '19', 'cov infection']",SARS-CoV-2 Transmission,568,19,14,16,3,Under-explored,0.033450703636431274
78,"['aging', 'lifespan', 'longevity', 'age', 'mortality', 'ageing', 'investigation']",Aging and Longevity,367,16,14,9,7,None,0.04359672905730984
156,"['colloidal', 'crystals', 'crystal', 'liquid', 'liquid crystals', 'crystallization', 'nucleation']",Colloidal Crystals,428,18,14,18,0,Under-explored,0.042056073783736596
176,"['nanoparticles', 'nanotubes', 'challenge', 'nanocrystals', 'carbon nanotubes', 'nanostructures', 'materials']",Nanostructure Synthesis,798,21,14,20,1,Under-explored,0.026315789143912416
193,"['hypertension', 'pulmonary', 'arterial', 'blood pressure', 'cardiovascular', 'blood', 'coronary']",Pulmonary Hypertension,157,16,14,11,5,Well-explored,0.10191082153434257
212,"['immune', 'cancer', 'immunotherapy', 'tumor', 'immune checkpoint', 'checkpoint', 'tumors']",Cancer Immunotherapy Challenges,722,23,14,22,1,Under-explored,0.031855955237452147
216,"['dna', 'dna origami', 'origami', 'nucleic', 'quadruplex', 'challenge', 'nucleic acid']",DNA Nanostructures,415,19,14,16,3,None,0.045783131426912496
339,"['air', 'pollution', 'air pollution', 'air quality', 'particulate matter', 'particulate', 'pm2']",Air Quality and Health,191,19,14,4,15,Well-explored,0.09947643458238563
351,"['niño', 'el niño', 'el', 'climate', 'ocean', 'southern oscillation', 'niño southern']",El Niño-Southern Oscillation,236,14,14,10,4,None,0.05932203138465968
3,"['olfactory', 'odorant', 'odor', 'sensory', 'neurons', 'sensory neurons', 'pheromones']",Olfactory Processing,227,16,13,13,3,None,0.07048457839274985
57,"['epilepsy', 'seizures', 'seizure', 'epileptic', 'lobe', 'brain', 'child']",Epilepsy Research,194,15,13,6,9,Well-explored,0.07731958364332044
139,"['malaria', 'plasmodium', 'falciparum', 'plasmodium falciparum', 'mosquito', 'parasite', 'mosquitoes']",Malaria Research,644,13,13,10,3,Under-explored,0.0201863350902743
204,"['yeast', 'cell', 'cell cycle', 'cycle', 'regulation', 'yeast cells', 'particularly']",Yeast Cell Cycle,323,17,13,17,0,None,0.052631577317907824
375,"['synaptic', 'plasticity', 'neurons', 'synaptic plasticity', 'interneurons', 'synapses', 'neuronal']",Synaptic Plasticity,521,14,13,7,7,Under-explored,0.02687140063586563
67,"['parkinson disease', 'parkinson', 'synuclein', 'disease', 'dopaminergic', 'dopaminergic neurons', 'neurons']",Parkinson's Disease,377,14,12,8,6,Under-explored,0.03713527752956824
120,"['batteries', 'lithium', 'ion batteries', 'lithium ion', 'battery', 'ion', 'lithium metal']",Lithium Battery Performance,717,16,12,14,2,Under-explored,0.022315201920290073
121,"['sustainable development', 'sustainable', 'sustainability', 'governance', 'goals', 'environmental', 'social']",Sustainable Development,144,13,12,5,8,Well-explored,0.09027777150848809
123,"['microbial', 'microbial communities', 'communities', 'bacterial', 'bacteria', 'community', 'particularly']",Microbial Communities,534,13,12,13,0,Under-explored,0.024344568832498713
268,"['laser', 'lasers', 'terahertz', 'lasing', 'optical', 'pulses', 'beams']",Laser Applications,433,17,12,15,2,Under-explored,0.039260969070185475
279,"['cancer', 'breast', 'breast cancer', 'genetic', 'risk', 'tumor', 'cancer risk']",Cancer Genetic Risk,251,17,12,16,1,None,0.06772908096696889
310,"['enzyme', 'enzymes', 'catalytic', 'enzymatic', 'catalysis', 'reactions', 'activity']",Enzyme Catalysis,359,25,12,25,0,None,0.06963788106858271
370,"['hominin', 'cultural', 'dating', 'homo', 'neanderthal', 'ancient', 'modern humans']",Hominin Studies,461,13,12,10,3,Under-explored,0.028199565548816367
15,"['wildfire', 'wildfires', 'fires', 'climate', 'forest', 'smoke', 'particularly']",Wildfire Impact,151,12,11,4,8,Well-explored,0.07947019341256997
84,"['antibodies', 'antibody', 'nitric oxide', 'nitric', 'oxide', 'monoclonal antibodies', 'monoclonal']",Antibody Engineering,130,13,11,10,3,Well-explored,0.0999999923076929
154,"['gut', 'microbiota', 'microbiome', 'gut microbiota', 'gut microbiome', 'microbial', 'human gut']",Gut Microbiota Interactions,508,15,11,15,0,Under-explored,0.029527558473866962
158,"['motion', 'active', 'particles', 'motors', 'active matter', 'molecular motors', 'self']",Active Matter Dynamics,307,11,11,7,4,Under-explored,0.03583061772538705
159,"['stroke', 'brain injury', 'brain', 'injury', 'traumatic brain', 'traumatic', 'ischemic']",Brain Injury Recovery,198,12,11,7,5,None,0.060606057545148605
185,"['infections', 'bacterial', 'staphylococcus', 'aureus', 'staphylococcus aureus', 'infection', 'host']",Bacterial Infections and Immune Response,816,22,11,22,0,Under-explored,0.026960783983323727
259,"['stem', 'cells', 'stem cells', 'cell', 'pluripotent', 'pluripotent stem', 'stem cell']",Pluripotent Stem Cells,681,14,11,13,1,Under-explored,0.020558002634977937
318,"['protein', 'proteins', 'conformational', 'stability', 'protein stability', 'protein dynamics', 'dynamics']",Protein Dynamics and Stability,196,15,11,13,2,None,0.07653060834027509
320,"['proteins', 'protein', 'proteomics', 'proteome', 'challenge', 'cells', 'labeling']",Protein Localization,202,15,11,12,3,None,0.07425742206646425
379,"['wildlife', 'extinction', 'species', 'conservation', 'endangered', 'illegal', 'hunting']",Wildlife Conservation Challenges,265,11,11,3,8,None,0.04150943239587048
384,"['biodiversity', 'ecosystem', 'conservation', 'ecosystems', 'protected areas', 'climate', 'biodiversity loss']",Biodiversity and Ecosystem Conservation,401,11,11,9,2,Under-explored,0.02743142076230871
2,"['pain', 'neuropathic', 'neuropathic pain', 'opioid', 'chronic pain', 'opioid receptor', 'neuropathy']",Pain Neuroscience,331,14,10,11,3,None,0.04229607122972595
134,"['editing', 'genome editing', 'genome', 'crispr', 'gene editing', 'cas9', 'crispr cas9']",Genome Editing,393,15,10,15,0,Under-explored,0.038167937960103364
209,"['glioblastoma', 'brain', 'tumor', 'neuroblastoma', 'glioma', 'medulloblastoma', 'brain tumor']",Brain Tumor Biology,315,14,10,14,0,Under-explored,0.04444444303350975
275,"['vocal', 'song', 'vocalizations', 'bats', 'songbirds', 'investigation', 'learning']",Vocal Communication,220,12,10,8,4,None,0.054545452066115815
385,"['biodiversity', 'species', 'ecological', 'ecosystem', 'ecological communities', 'communities', 'diversity']",Ecological Communities Dynamics,378,10,10,6,4,Under-explored,0.02645502575515805
63,"['vaccine', 'vaccination', 'covid', 'covid 19', 'vaccines', '19', '19 vaccine']",Vaccine Development,409,10,9,7,3,Under-explored,0.024449877152814742
75,"['tropical', 'cyclones', 'tropical cyclones', 'cyclone', 'tropical cyclone', 'hurricane', 'intensity']",Tropical Cyclone Dynamics,140,10,9,0,10,Well-explored,0.07142856632653098
89,"['solar cells', 'solar', 'perovskite solar', 'perovskite', 'cells', 'photovoltaic', 'efficiency']",Perovskite Solar Cells,564,12,9,8,4,Under-explored,0.021276595367436254
146,"['intestinal', 'sepsis', 'intestinal stem', 'stem', 'cells', 'epithelial', 'cell']",Intestinal Stem Cells,204,10,9,5,5,None,0.04901960544021542
201,"['cell', 'car', 'cells', 'tumor', 'cancer', 'car cell', 'tumors']",CAR-T Cell Therapy Challenges,372,11,9,11,0,Under-explored,0.02956989167822872
214,"['heart', 'cardiac', 'myocardial', 'aortic', 'myocardial infarction', 'infarction', 'cardiomyocyte']",Cardiac Regeneration,359,9,9,7,2,Under-explored,0.025069637184689773
233,"['cancer', 'signaling', 'wnt', 'mtorc1', 'ras', 'regulation', 'myc']",Cancer Signaling Pathways,732,13,9,13,0,Under-explored,0.01775956259891308
264,"['colorectal', 'colorectal cancer', 'cancer', 'cell carcinoma', 'carcinoma', 'renal cell', 'cell']",Colorectal and Renal Cancer,278,10,9,9,1,None,0.0359712217276539
270,"['optical', 'photonic', 'materials', 'metasurfaces', 'optical properties', 'light', 'challenge']",Optical Metamaterials,453,10,9,9,1,Under-explored,0.02207505470032992
322,"['sex', 'sexual', 'male', 'sex determination', 'female', 'mating', 'investigation']",Sexual Evolution and Determination,626,11,9,6,5,Under-explored,0.017571884703324527
332,"['rice', 'genetic', 'maize', 'domestication', 'wheat', 'traits', 'grain']",Plant Domestication Genetics,546,13,9,9,4,Under-explored,0.023809523373451952
363,"['bee', 'pollinators', 'insect', 'bees', 'pesticide', 'pest', 'honey']",Pollinator Decline,275,9,9,3,6,None,0.03272727153719013
20,"['key distribution', 'quantum key', 'quantum', 'neutron', 'physics', 'particle physics', 'dark matter']",Nuclear and Particle Physics,226,9,8,4,5,None,0.03982300708747756
27,"['galaxies', 'star', 'stars', 'black holes', 'black', 'black hole', 'galaxy']",Galaxies and Black Holes,512,8,8,7,1,Under-explored,0.015624999694824225
45,"['prostate', 'prostate cancer', 'cancer', 'androgen', 'resistant prostate', 'castration', 'castration resistant']",Prostate Cancer Resistance,294,9,8,6,3,Under-explored,0.030612243856726402
70,"['syndrome', 'mutations', 'neurodevelopmental', 'rett syndrome', 'rett', 'intellectual', 'intellectual disability']",Neurodevelopmental Syndromes,409,8,8,6,2,Under-explored,0.019559901722251794
103,"['light', 'retinal', 'retinal ganglion', 'ganglion', 'photoreceptors', 'ganglion cells', 'photoreceptor']",Light Sensory Mechanisms,476,9,8,6,3,Under-explored,0.018907562627992383
118,"['itch', 'psoriasis', 'skin', 'dermatitis', 'thyroid', 'inflammation', 'inflammatory']",Inflammatory Skin Conditions,159,9,8,7,2,Well-explored,0.056603770024920126
136,"['excited', 'ultrafast', 'electronic', 'electron', 'dynamics', 'excited states', 'molecular']",Ultrafast Electronic Dynamics,223,9,8,8,1,Under-explored,0.04035874258480975
152,"['leukemia', 'acute myeloid', 'acute', 'myeloid', 'myeloid leukemia', 'leukaemia', 'lymphoblastic']",Leukemia and Lymphoma,578,12,8,12,0,Under-explored,0.02076124531554939
202,"['heterogeneity', 'tumor', 'cancer', 'tumors', 'thyroid', 'tumor heterogeneity', 'breast']",Tumor Heterogeneity,199,9,8,9,0,Under-explored,0.045226128380596566
230,"['methylation', 'dna methylation', 'dna', 'epigenetic', 'methylation patterns', 'gene', 'demethylation']",DNA Methylation,432,12,8,11,1,Under-explored,0.02777777713477368
242,"['cancer', 'gastric', 'carcinoma', 'bladder', 'gastric cancer', 'bladder cancer', 'esophageal']",Gastric and Bladder Cancer,171,10,8,10,0,None,0.058479528743887205
293,"['biosynthesis', 'alkaloids', 'biosynthetic', 'natural products', 'biosynthetic pathway', 'synthesis', 'natural']",Natural Product Biosynthesis,508,10,8,9,1,Under-explored,0.019685038982577972
333,"['signaling', 'communication', 'cell', 'cells', 'cell cell', 'intercellular', 'signal transduction']",Cell Communication,168,8,8,8,0,None,0.047619044784580664
338,"['soil', 'carbon', 'soil organic', 'soil carbon', 'organic carbon', 'organic', 'soils']",Soil Carbon Dynamics,296,9,8,9,0,Under-explored,0.0304054043781958
349,"['gender', 'women', 'men', 'underrepresentation', 'female', 'science', 'male']",Gender Inequality,148,8,8,5,3,None,0.05405405040175335
366,"['flight', 'swimming', 'prey', 'birds', 'fish', 'wing', 'insects']",Animal Locomotion,180,8,8,6,2,None,0.04444444197530878
369,"['genetic', 'populations', 'population', 'ancestry', 'ancient', 'investigation', 'neolithic']",Genetic and Cultural History,435,9,8,6,3,Under-explored,0.020689654696789548
386,"['neurons', 'brain', 'cell', 'neuronal', 'cell types', 'types', 'neocortex']",Neuronal Diversity,156,13,8,10,3,Well-explored,0.08333332799145333
29,"['liver', 'liver disease', 'fatty liver', 'nonalcoholic', 'fatty', 'alcoholic', 'hepatic']",Liver disease,392,7,7,6,1,Under-explored,0.01785714240160351
32,"['obesity', 'metabolic', 'adipose', 'adipose tissue', 'fat', 'insulin resistance', 'insulin']",Obesity and Metabolic Disorders,469,7,7,2,5,Under-explored,0.014925372816090132
41,"['mantle', 'earth', 'lower mantle', 'earth mantle', 'subduction', 'inner core', 'seismic']",Earth's Mantle Dynamics,551,9,7,7,2,Under-explored,0.016333937997569183
48,"['candida', 'fungal', 'albicans', 'candida albicans', 'antifungal', 'fungal pathogen', 'fungi']",Fungal Pathogens,171,8,7,4,4,None,0.04678362299510976
61,"['schizophrenia', 'psychiatric', 'disorders', 'genetic', 'psychiatric disorders', 'risk', 'cognitive']",Psychiatric Disorders,145,9,7,6,3,None,0.06206896123662336
66,"['cov', 'sars cov', 'sars', 'antibodies', 'neutralizing', 'omicron', 'antibody']",SARS-CoV-2 Immune Response,386,8,7,8,0,Under-explored,0.020725388064109118
85,"['transport', 'ion', 'ion transport', 'water', 'ions', 'diffusion', 'membranes']",Ion and Molecular Transport,199,7,7,7,0,Under-explored,0.035175877629352884
97,"['thermal', 'thermal conductivity', 'cooling', 'conductivity', 'heat', 'materials', 'heat transfer']",Thermal Management,352,7,7,5,2,Under-explored,0.019886363071410142
101,"['phase', 'symmetry', 'symmetry breaking', 'phase transitions', 'breaking', 'transitions', 'phase transition']",Phase transitions,245,7,7,6,1,Under-explored,0.02857142740524786
102,"['glass', 'glasses', 'metallic glasses', 'glass transition', 'metallic', 'glass forming', 'glassy']",Glass Mechanics,292,11,7,11,0,Under-explored,0.03767123158660166
110,"['bone', 'osteoporosis', 'bone formation', 'skeletal', 'regeneration', 'bone loss', 'fractures']",Bone Biology and Regeneration,392,7,7,4,3,Under-explored,0.01785714240160351
119,"['lithium', 'electrolyte', 'electrolytes', 'batteries', 'solid', 'solid electrolyte', 'ionic']",Solid Electrolytes,267,10,7,9,1,Under-explored,0.03745318211785835
133,"['crispr', 'cas9', 'crispr cas', 'cas', 'dna', 'rna', 'cas systems']",CRISPR-Cas Systems,272,8,7,8,0,Under-explored,0.029411763624567516
142,"['friction', 'microfluidic', 'frictional', 'challenge', 'fluid', 'flow', 'wear']",Fluid Friction and Manipulation,214,7,7,2,5,Under-explored,0.03271027884531407
145,"['transmission', 'zoonotic', 'virus', 'bats', 'viruses', 'infectious', 'infectious diseases']",Zoonotic Virus Transmission,258,7,7,7,0,Under-explored,0.027131781894116982
151,"['polymers', 'polymer', 'chirality', 'supramolecular', 'polymerization', 'chiral', 'polymers challenge']",Polymer Dynamics and Chirality,281,8,7,5,3,Under-explored,0.028469749876521358
161,"['graphene', 'materials', 'defects', 'graphene nanoribbons', 'nanoribbons', 'properties', 'defect']",Graphene Defects,284,8,7,5,3,Under-explored,0.028169013092640388
170,"['phosphorescence', 'luminescence', 'materials', 'photoluminescence', 'emission', 'color', 'displays']",Room Temperature Luminescence,406,13,7,13,0,Under-explored,0.03201970364483489
178,"['host', 'parasite', 'parasites', 'toxoplasma', 'toxoplasma gondii', 'gondii', 'immune']",Host-Pathogen Interactions,364,7,7,5,2,Under-explored,0.019230768702451412
222,"['hepatocellular', 'hepatocellular carcinoma', 'carcinoma', 'liver', 'liver cancer', 'cancer', 'metastasis']",Hepatocellular Carcinoma,144,7,7,5,2,Under-explored,0.04861110773533974
235,"['excitons', 'exciton', 'phonon', 'polaritons', 'valley', 'optical', 'investigation']",Exciton Polariton Dynamics,631,7,7,6,1,Under-explored,0.011093502201370805
244,"['pregnancy', 'trophoblast', 'placental', 'fetal', 'preterm', 'birth', 'preterm birth']",Pregnancy complications,163,8,7,6,2,None,0.04907975159019929
257,"['autoimmune', 'multiple sclerosis', 'sclerosis', 'lupus', 'lupus erythematosus', 'erythematosus', 'autoimmune diseases']",Autoimmune Diseases,363,9,7,8,1,Under-explored,0.024793387746738633
271,"['optical', 'light', 'photonic', 'waves', 'acoustic', 'challenge', 'electromagnetic']",Optics and Photonics Integration,397,7,7,5,2,Under-explored,0.017632241369464955
276,"['rna polymerase', 'transcription', 'polymerase', 'rna', 'polymerase ii', 'transcription initiation', 'ii']",RNA Polymerase Transcription,418,9,7,9,0,Under-explored,0.021531099963370815
294,"['metabolic', 'fatty', 'production', 'metabolism', 'acid', 'fatty acids', 'acids']",Metabolic Engineering,220,8,7,8,0,None,0.03636363471074388
295,"['rna', 'trna', 'm6a', 'n6', 'methyladenosine', 'mrna', 'modification']",RNA Modifications,182,7,7,6,1,Under-explored,0.03846153634826723
312,"['folding', 'protein folding', 'protein', 'proteins', 'chaperone', 'hsp90', 'chaperones']",Protein Folding and Chaperones,360,9,7,8,1,Under-explored,0.024999999305555576
315,"['mercury', 'pollution', 'water', 'pollutants', 'contamination', 'organic', 'health']",Heavy Metal Contamination,175,8,7,4,4,None,0.04571428310204097
1,"['article', 'published', 'correction', 'author', 'scientific', 'errors', 'error']",Publication Error Correction,216,6,6,3,3,Under-explored,0.027777776491769605
12,"['hiv', 'hiv infection', 'antiretroviral', 'antiretroviral therapy', 'infection', 'reservoir', 'infected']",HIV-1 Reservoirs,324,6,6,3,3,Under-explored,0.018518517946959325
51,"['pancreatic', 'pancreatic ductal', 'ductal adenocarcinoma', 'ductal', 'adenocarcinoma', 'pancreatic cancer', 'cancer']",Pancreatic cancer,183,6,6,4,2,Under-explored,0.03278688345426866
86,"['membranes', 'separation', 'gas', 'adsorption', 'water', 'desalination', 'challenge']",Membrane Separation,353,8,6,8,0,Under-explored,0.022662888876405416
104,"['glycan', 'glycosylation', 'glycans', 'glycoproteins', 'carbohydrate', 'particularly', 'protein']",Glycosylation and Glycans,282,6,6,6,0,Under-explored,0.021276594990191668
114,"['bacterial', 'biofilm', 'bacteria', 'quorum sensing', 'quorum', 'flagellar', 'biofilm formation']",Bacterial Biofilm Dynamics,454,6,6,6,0,Under-explored,0.013215858739738795
125,"['delivery', 'delivering', 'sirna', 'rna', 'small interfering', 'gene', 'therapeutic']",Gene Delivery,207,6,6,6,0,Under-explored,0.02898550584611083
127,"['graphene', 'electronic', 'bilayer graphene', 'twisted', 'electron', 'bilayer', 'band']",Twisted Bilayer Graphene,418,7,6,6,1,Under-explored,0.016746411082621745
137,"['materials', 'films', 'dimensional', 'dimensional materials', 'electronic', 'challenge', 'metal']",Two-Dimensional Materials,461,8,6,8,0,Under-explored,0.017353578799271612
147,"['bowel', 'inflammatory bowel', 'bowel disease', 'intestinal', 'inflammatory', 'colitis', 'disease']",Inflammatory Bowel Diseases,362,6,6,6,0,Under-explored,0.016574585177497648
153,"['blood flow', 'cerebral', 'blood', 'brain', 'cerebrospinal fluid', 'cerebrospinal', 'flow']",Cerebrovascular and Fluid Dynamics,142,8,6,6,2,None,0.05633802420154759
163,"['fibrosis', 'lung', 'airway', 'pulmonary', 'asthma', 'allergic', 'cystic fibrosis']",Pulmonary Fibrosis and Lung Disease,560,8,6,6,2,Under-explored,0.01428571403061225
169,"['droplets', 'droplet', 'liquid', 'wetting', 'oil', 'surfaces', 'drop']",Droplet Dynamics,200,6,6,6,0,Under-explored,0.029999998500000076
175,"['self assembly', 'assembly', 'self', 'structures', 'supramolecular', 'challenge', 'assembly processes']",Self-Assembly,189,6,6,5,1,Under-explored,0.031746030066347616
177,"['virus', 'viral', 'rna', 'viruses', 'replication', 'host', 'capsid']",Viral Mechanisms,921,9,6,9,0,Under-explored,0.00977198686458212
180,"['influenza', 'virus', 'influenza virus', 'influenza viruses', 'avian influenza', 'viruses', 'avian']",Influenza Virus Challenges,291,7,6,7,0,Under-explored,0.024054981991237734
189,"['cancer', 'resistance', 'breast', 'breast cancer', 'ferroptosis', 'negative breast', 'treatment']",Cancer Drug Resistance,778,14,6,14,0,Under-explored,0.017994858380528812
190,"['platelet', 'blood', 'thrombosis', 'sickle', 'bleeding', 'red blood', 'sickle cell']",Hematological Disorders,276,6,6,5,1,Under-explored,0.021739129647132985
198,"['silencing', 'transposable', 'gene', 'transposable elements', 'gene silencing', 'polycomb', 'elements']",Gene Silencing,302,9,6,9,0,Under-explored,0.02980132351651247
211,"['tumor', 'microenvironment', 'tumor microenvironment', 'cancer', 'immune', 'immunosuppressive', 'tumor associated']",Tumor Microenvironment Immunology,327,8,6,8,0,Under-explored,0.024464831056121378
234,"['quantum', 'quantum phase', 'phase', 'spin', 'quantum critical', 'quantum spin', 'spin liquid']",Quantum Phase Transitions,302,7,6,7,0,Under-explored,0.023178807179509698
249,"['chromosome', 'chromosomes', 'spindle', 'meiosis', 'chromosome segregation', 'segregation', 'meiotic']",Chromosome Segregation,689,6,6,6,0,Under-explored,0.00870827273282623
253,"['metastasis', 'cancer', 'metastatic', 'tumor', 'breast cancer', 'breast', 'cancer cells']",Cancer Metastasis,459,10,6,10,0,Under-explored,0.02178649190007643
273,"['magnetic', 'spin', 'materials', 'magnetization', 'antiferromagnetic', 'ferromagnetic', 'magnetism']",Magnetic Materials and Spintronics,994,8,6,8,0,Under-explored,0.008048289657461875
289,"['rnas', 'rna', 'micrornas', 'mrna', 'expression', 'microrna', 'regulation']",Noncoding RNA Dynamics,403,8,6,7,1,Under-explored,0.019851116132726648
302,"['degradation', 'protein degradation', 'protein', 'proteasome', 'proteins', 'terminal', 'investigation']",Protein Degradation Pathways,314,7,6,7,0,Under-explored,0.022292992920605322
327,"['lipid', 'membrane', 'membranes', 'membrane proteins', 'cholesterol', 'proteins', 'protein']",Lipid Membrane Dynamics,546,10,6,10,0,Under-explored,0.018315017979578425
334,"['protein coupled', 'coupled receptors', 'receptor', 'receptors', 'coupled', 'protein', 'gpcrs']",G-protein-coupled receptors,641,7,6,7,0,Under-explored,0.010920436647107073
337,"['methane', 'emissions', 'methane emissions', 'gas', 'greenhouse', 'greenhouse gas', 'natural gas']",Methane Emissions,352,6,6,6,0,Under-explored,0.017045454061208692
364,"['coral', 'reef', 'coral reef', 'corals', 'ocean acidification', 'ocean', 'acidification']",Coral Reef Challenges,282,7,6,4,3,Under-explored,0.024822694155223615
5,"['circadian', 'circadian clock', 'clock', 'rhythms', 'circadian rhythms', 'circadian rhythm', 'clocks']",Circadian Rhythms,445,5,5,5,0,Under-explored,0.01123595480368641
22,"['volcanic', 'eruptions', 'magma', 'eruption', 'volcanic eruptions', 'magmas', 'explosive']",Volcanic Processes,284,6,5,5,1,Under-explored,0.02112675981948029
43,"['arthritis', 'osteoarthritis', 'rheumatoid', 'rheumatoid arthritis', 'cartilage', 'joint', 'disease']",Arthritis and inflammation,198,6,5,5,1,Under-explored,0.030303028772574302
55,"['plastics', 'waste', 'recycling', 'plastic', 'plastic waste', 'guest', 'materials']",Plastic Waste Recycling,143,6,5,4,2,None,0.04195803902391335
56,"['cov', 'sars cov', 'sars', 'spike', 'spike protein', 'cov spike', 'ace2']",SARS-CoV-2 Spike Protein,246,8,5,8,0,Under-explored,0.032520323881287644
68,"['tau', 'prion', 'neurodegenerative', 'aggregation', 'protein', 'tdp', '43']",Protein Aggregation in Neurodegenerative Diseases,344,7,5,7,0,Under-explored,0.02034883661776638
71,"['amyloid', 'fibrils', 'amyloid fibrils', 'amyloidosis', 'fibril', 'aggregation', 'formation']",Amyloid Fibrils,134,7,5,7,0,None,0.052238802071731184
90,"['ferroelectric', 'domain walls', 'ferroelectricity', 'ferroelectric materials', 'materials', 'ferroelectrics', 'walls']",Ferroelectric Domain Walls,322,7,5,7,0,Under-explored,0.021739129759654356
93,"['hydrogen', 'hydrogen evolution', 'evolution reaction', 'water splitting', 'hydrogen production', 'water', 'splitting']",Water Splitting,416,5,5,4,1,Under-explored,0.01201923048030696
109,"['tuberculosis', 'mycobacterium tuberculosis', 'mycobacterium', 'toxin', 'toxins', 'drug', 'infection']",Tuberculosis and Drug Resistance,302,12,5,11,1,Under-explored,0.03973509802201663
117,"['organic frameworks', 'organic', 'frameworks', 'metal organic', 'metal', 'covalent organic', 'covalent']",Metal-organic frameworks,306,11,5,11,0,Under-explored,0.03594771124353885
124,"['gene transfer', 'horizontal gene', 'horizontal', 'bacterial', 'transfer', 'gene', 'genetic']",Horizontal Gene Transfer,196,6,5,6,0,Under-explored,0.030612243336110033
130,"['drug delivery', 'delivery', 'drug', 'therapeutic', 'drugs', 'delivery challenge', 'cancer']",Drug Delivery Challenges,235,6,5,4,2,Under-explored,0.025531913807152605
131,"['resistance', 'plant', 'wheat', 'plants', 'pest', 'defense', 'insect']",Plant Resistance Mechanisms,216,6,5,3,3,Under-explored,0.027777776491769605
138,"['viruses', 'viral', 'virus', 'host', 'viral infections', 'infections', 'marine']",Viral Ecology,166,6,5,6,0,None,0.036144576135868904
141,"['energy', 'power', 'triboelectric', 'harvesting', 'energy harvesting', 'challenge', 'output']",Energy Harvesting,186,5,5,3,2,None,0.02688171898485382
194,"['immune', 'immunodeficiency', 'immune response', 'immune responses', 'autoimmune', 'responses', 'response']",Immune System Dysregulation,195,7,5,6,1,None,0.03589743405654184
213,"['splicing', 'rna', 'spliceosome', 'rna editing', 'alternative splicing', 'editing', 'introns']",RNA Splicing,214,6,5,5,1,Under-explored,0.028037381867412062
251,"['morphogenesis', 'cell', 'tissue', 'patterning', 'development', 'cells', 'investigation']",Morphogenesis,308,5,5,5,0,Under-explored,0.01623376570669592
287,"['quantum', 'entanglement', 'entangled', 'quantum information', 'quantum communication', 'quantum entanglement', 'quantum states']",Quantum Entanglement and Communication,355,5,5,5,0,Under-explored,0.014084506645506856
297,"['translation', 'translation initiation', 'codon', 'codons', 'protein synthesis', 'initiation', 'protein']",Translation Mechanisms,269,5,5,5,0,Under-explored,0.018587359903815617
305,"['allosteric', 'allosteric regulation', 'protein', 'enzyme', 'allostery', 'binding', 'regulation']",Allosteric Regulation,271,5,5,5,0,Under-explored,0.01845018382102643
342,"['dopamine', 'reward', 'dopaminergic', 'neurons', 'dopamine neurons', 'd2', 'learning']",Dopamine Signaling,172,7,5,6,1,None,0.04069767205246093
345,"['stomatal', 'drought', 'plants', 'plant', 'stress', 'tolerance', 'water']",Plant abiotic stress responses,217,6,5,5,1,Under-explored,0.027649768311070584
358,"['domestication', 'inbreeding', 'sterility', 'genetic', 'domestic', 'dogs', 'male']",Genetic Diversity and Domestication,180,5,5,1,4,Under-explored,0.027777776234567987
368,"['evolutionary', 'dinosaurs', 'evolution', 'fossil', 'investigation', 'particularly', 'early']",Evolutionary Paleontology,867,5,5,3,2,Under-explored,0.005767012620911042
10,"['hearing', 'hair cells', 'hair', 'cochlear', 'hearing loss', 'ear', 'cochlea']",Hearing Loss Mechanisms,208,4,4,2,2,Under-explored,0.01923076830621306
17,"['ice', 'ice sheet', 'sheet', 'sea level', 'sea', 'antarctic ice', 'level rise']",Ice Sheet Dynamics,427,4,4,4,0,Under-explored,0.009367681279445404
21,"['magnetic', 'solar', 'geomagnetic', 'magnetic field', 'reconnection', 'field', 'flares']",Magnetospheric and Solar Physics,349,5,4,2,3,Under-explored,0.014326647153964266
24,"['moon', 'lunar', 'earth', 'isotopic', 'water', 'investigation', 'formation']",Lunar Geology,146,4,4,4,0,Under-explored,0.027397258397448054
26,"['mars', 'martian', 'geological', 'meteorites', 'investigation', 'particularly', 'atmosphere']",Mars Geological Processes,218,5,4,3,2,Under-explored,0.022935778764413817
52,"['ice', 'liquid', 'supercooled', 'water', 'nucleation', 'liquid liquid', 'phase']",Ice and Water Phase Transitions,246,15,4,15,0,None,0.060975607277414336
74,"['lysosomal', 'deficiency', 'disorder', 'disease', 'enzyme', 'mutations', 'storage']",Genetic Metabolic Disorders,131,4,4,3,1,None,0.030534348814171844
76,"['hydrogen', 'uranium', 'nuclear', 'radioactive', 'high pressure', 'high', 'waste']",Nuclear and Hydrogen Materials,192,7,4,6,1,None,0.0364583314344619
100,"['channels', 'channel', 'ion', 'ion channels', 'gating', 'gated', 'voltage']",Ion Channel Gating,670,4,4,4,0,Under-explored,0.0059701491646246396
144,"['stretchable', 'electronics', 'conductivity', 'materials', 'electronic', 'devices', 'piezoelectric']",Stretchable Electronics,234,7,4,6,1,None,0.029914528636131255
150,"['muscle', 'muscular', 'dystrophy', 'muscular dystrophy', 'duchenne', 'duchenne muscular', 'atrophy']",Muscular Disorders,258,4,4,4,0,Under-explored,0.015503875368066848
162,"['water', 'adhesion', 'adhesive', 'surfaces', 'interfacial', 'hydrophobic', 'liquid']",Water Adhesion,297,9,4,8,1,Under-explored,0.03030302928272629
167,"['spinal cord', 'spinal', 'cord', 'cord injury', 'injury', 'regeneration', 'axon']",Spinal Cord Injury Regeneration,196,5,4,5,0,Under-explored,0.025510202780091695
182,"['printing', 'additive manufacturing', 'manufacturing', 'additive', '3d printing', '3d', 'printed']",Additive Manufacturing Challenges,162,4,4,3,1,None,0.02469135650053355
186,"['epithelial mesenchymal', 'epithelial', 'mesenchymal transition', 'mesenchymal', 'cancer', 'mammary', 'cells']",Epithelial-Mesenchymal Transition,203,6,4,5,1,Under-explored,0.02955664879031287
203,"['endothelial', 'vascular', 'angiogenesis', 'endothelial cells', 'blood', 'vessels', 'endothelial cell']",Vascular Biology,386,4,4,2,2,Under-explored,0.010362694032054559
205,"['nitrogen', 'nitrogen fixation', 'nitrous', 'nitrous oxide', 'fixation', 'emissions', 'ammonia']",Nitrogen Cycling,374,4,4,3,1,Under-explored,0.010695186879807838
223,"['cell', 'cell migration', 'migration', 'cells', 'polarity', 'cytokinesis', 'cell polarity']",Cell Migration and Polarity,308,4,4,4,0,Under-explored,0.012987012565356736
228,"['lung', 'lung cancer', 'cancer', 'cell lung', 'small cell', 'melanoma', 'lung adenocarcinoma']",Lung Cancer,233,6,4,5,1,Under-explored,0.025751071856177175
243,"['sperm', 'infertility', 'male', 'fertility', 'fertilization', 'spermatogenesis', 'reproductive']",Reproductive Biology,276,5,4,4,1,Under-explored,0.01811594137261082
250,"['spin', 'magnetic', 'spin orbit', 'orbit', 'spins', 'quantum', 'orbit coupling']",Spin Wave Dynamics,432,5,4,5,0,Under-explored,0.0115740738061557
261,"['cells', 'cell', 'regulatory cells', 'helper', 'differentiation', 'regulatory', 'follicular']",T Cell Differentiation,515,4,4,4,0,Under-explored,0.007766990140446794
263,"['topological', 'weyl', 'insulators', 'topological insulators', 'dirac', 'states', 'semimetals']",Topological Materials,668,4,4,4,0,Under-explored,0.005988023862454733
283,"['quantum', 'ultracold', 'superfluid', 'vortices', 'bose', 'vortex', 'bose einstein']",Ultracold Quantum Phenomena,225,4,4,4,0,Under-explored,0.017777776987654356
326,"['carbon', 'organic carbon', 'permafrost', 'organic', 'ocean', 'climate', 'carbon dioxide']",Carbon Cycle Dynamics,592,6,4,6,0,Under-explored,0.01013513496393353
331,"['flowering', 'plants', 'seed', 'pollen', 'germination', 'dormancy', 'arabidopsis']",Plant Growth Regulation,304,4,4,3,1,Under-explored,0.013157894304016636
340,"['aerosol', 'cloud', 'ozone', 'climate', 'atmospheric', 'aerosols', 'organic aerosol']",Atmospheric Aerosols,374,4,4,4,0,Under-explored,0.010695186879807838
344,"['auxin', 'root', 'plants', 'plant', 'roots', 'signaling', 'abscisic acid']",Root and Auxin Signaling,342,5,4,4,1,Under-explored,0.014619882613453726
357,"['color', 'coloration', 'butterflies', 'wing', 'investigation', 'wings', 'skin']",Color Patterns in Animals,217,4,4,4,0,Under-explored,0.018433178874047055
388,"['brain', 'cortical', 'cortex', 'investigation', 'genetic', 'development', 'human']",Genetic and Evolutionary Neuroscience,333,8,4,7,1,Under-explored,0.024024023302581885
389,"['neural', 'crest', 'neural crest', 'neurogenesis', 'cells', 'neuronal', 'progenitor']",Neural Development Mechanisms,288,5,4,5,0,Under-explored,0.017361110508294777
25,"['erosion', 'weathering', 'uplift', 'plateau', 'tibetan', 'tibetan plateau', 'geological']",Erosion and Weathering,196,3,3,1,2,Under-explored,0.015306121668055016
31,"['adipose', 'adipose tissue', 'brown', 'brown adipose', 'tissue', 'adipocytes', 'thermogenesis']",Adipose Tissue Metabolism,209,3,3,3,0,Under-explored,0.014354066298848502
36,"['planets', 'exoplanets', 'jupiter', 'exoplanet', 'planetary', 'stars', 'planet']",Exoplanetary Atmospheres,391,4,3,3,1,Under-explored,0.010230178766491592
38,"['hypoxia', 'oxygen', 'hypoxic', 'low oxygen', 'tumor', 'cancer', 'inducible']",Tumor Hypoxia,156,3,3,2,1,Under-explored,0.01923076799802769
44,"['telomere', 'telomerase', 'telomeres', 'telomere length', 'length', 'dna', 'cancer']",Telomere Biology,195,4,3,4,0,Under-explored,0.020512819460881054
46,"['phase separation', 'condensates', 'liquid', 'biomolecular condensates', 'separation', 'phase', 'liquid liquid']",Biomolecular Condensates,143,4,3,4,0,None,0.027972026015942238
77,"['senescence', 'cellular senescence', 'senescent', 'senescent cells', 'cellular', 'aging', 'cells']",Cellular Senescence and Aging,129,4,3,4,0,None,0.03100774953428298
79,"['photosystem', 'photosystem ii', 'photosynthetic', 'light harvesting', 'photosynthesis', 'harvesting', 'light']",Photosynthesis mechanisms,317,3,3,3,0,Under-explored,0.009463722098936212
81,"['charge', 'carrier', 'charge transport', 'transport', 'charge transfer', 'organic', 'carriers']",Charge Transport Dynamics,449,3,3,3,0,Under-explored,0.006681514327805917
88,"['perovskites', 'perovskite', 'halide', 'halide perovskites', 'lead halide', 'optoelectronic', 'halide perovskite']",Halide Perovskites,221,3,3,3,0,Under-explored,0.013574660019246152
91,"['cell death', 'death', 'cell', 'apoptosis', 'necroptosis', 'pyroptosis', 'apoptotic']",Programmed Cell Death,254,3,3,3,0,Under-explored,0.011811023157046333
94,"['carbon', 'carbon dioxide', 'dioxide', 'co2', 'co2 reduction', 'electrochemical', 'converting carbon']",Carbon Dioxide Reduction,467,6,3,6,0,Under-explored,0.012847965463640997
106,"['bonding', 'bond', 'bonds', 'hydrogen', 'metal', 'hydrogen bonding', 'complexes']",Chemical Bonding,190,5,3,5,0,Under-explored,0.02631578808864273
112,"['secretion', 'type iii', 'type', 'vi', 'iii', 'bacterial', 'protein']",Bacterial Secretion Systems,139,3,3,3,0,Under-explored,0.021582732260235087
132,"['plant', 'plants', 'immune', 'plant immunity', 'plant immune', 'immunity', 'pathogen']",Plant Immunity,302,3,3,3,0,Under-explored,0.009933774505504157
157,"['hydrogels', 'materials', 'mechanical', 'self healing', 'silk', 'properties', 'polymer']",Hydrogel Mechanics,371,3,3,3,0,Under-explored,0.008086253151313932
165,"['regeneration', 'wound', 'healing', 'wound healing', 'wounds', 'tissue', 'diabetic']",Wound Healing,259,3,3,3,0,Under-explored,0.011583011135791077
174,"['hepatitis', 'hepatitis virus', 'virus', 'infection', 'virus infection', 'barr virus', 'epstein barr']",Hepatitis Virus Research,173,3,3,3,0,Under-explored,0.01734103946005552
197,"['nuclear', 'nuclear pore', 'pore complex', 'pore', 'export', 'nuclear envelope', 'stress']",Nuclear Pore Complex,244,5,3,5,0,Under-explored,0.020491802438860555
199,"['cell', 'cells', 'germinal', 'natural killer', 'killer', 'nk', 'antibody']",NK and B Cell Immunology,281,4,3,4,0,Under-explored,0.014234874938260679
200,"['dendritic', 'cells', 'dendritic cells', 'lymphoid', 'innate lymphoid', 'lymphoid cells', 'dendritic cell']",Dendritic Cells and Innate Lymphoid Cells,169,3,3,3,0,Under-explored,0.0177514782395575
217,"['dna', 'replication', 'dna replication', 'helicase', 'polymerase', 'dna polymerase', 'dna synthesis']",DNA Replication,290,3,3,3,0,Under-explored,0.010344827229488717
224,"['cancer', 'cancer cells', 'tumor', 'metabolism', 'metabolic', 'cells', 'cell']",Cancer Metabolism,291,4,3,4,0,Under-explored,0.01374570399499299
226,"['p53', 'cancer', 'tumor', 'suppressor', 'tumor suppressor', 'kras', 'cancers']",Tumor Suppressor Dynamics,376,4,3,3,1,Under-explored,0.01063829758940698
258,"['hematopoietic', 'stem', 'hematopoietic stem', 'haematopoietic', 'haematopoietic stem', 'cells', 'stem cells']",Hematopoietic Stem Cells,330,4,3,4,0,Under-explored,0.012121211753902674
260,"['cd8', 'memory', 'cells', 'cell', 'cd8 cells', 'memory cells', 'exhaustion']",T Cell Exhaustion,304,3,3,2,1,Under-explored,0.009868420728012478
299,"['ubiquitin', 'e3', 'ubiquitination', 'ligases', 'ligase', 'ubiquitin ligase', 'substrate']",Ubiquitination Mechanisms,190,4,3,4,0,Under-explored,0.021052630470914185
303,"['plastic', 'plastic waste', 'oil', 'pollution', 'waste', 'plastics', 'ocean']",Plastic Pollution,127,3,3,2,1,Under-explored,0.023622045384090913
308,"['mitochondrial', 'mitochondria', 'endoplasmic reticulum', 'endoplasmic', 'reticulum', 'protein', 'mitochondrial dysfunction']",Mitochondrial Function,663,3,3,3,0,Under-explored,0.004524886809579385
311,"['iron', 'iron sulfur', 'cytochrome', 'sulfur', 'cofactor', 'nitrogenase', 'cluster']",Metal cofactor biochemistry,202,3,3,3,0,Under-explored,0.014851484413292851
325,"['oxygen', 'ocean', 'atmospheric oxygen', 'oxygen levels', 'atmospheric', 'oxygenation', 'marine']",Ocean Oxygen Dynamics,196,3,3,3,0,Under-explored,0.015306121668055016
341,"['fear', 'extinction', 'memories', 'memory', 'amygdala', 'responses', 'aversive']",Fear Memory,161,3,3,2,1,Under-explored,0.018633539215308123
383,"['climate', 'bird', 'climate change', 'species', 'migratory', 'birds', 'bird species']",Climate Impact on Birds,325,3,3,1,2,Under-explored,0.009230768946745571
11,"['hiv', 'neutralizing', 'neutralizing antibodies', 'broadly neutralizing', 'antibodies', 'broadly', 'hiv envelope']",HIV Neutralizing Antibodies,129,3,2,2,1,None,0.023255812150712235
13,"['hiv', 'capsid', 'hiv envelope', 'viral', 'envelope', 'envelope glycoprotein', 'virus']",HIV-1 Mechanisms,237,2,2,2,0,Under-explored,0.008438818209332564
40,"['subduction', 'plate', 'continental', 'crust', 'tectonic', 'lithosphere', 'continental crust']",Plate Tectonics,218,2,2,2,0,Under-explored,0.009174311505765528
49,"['light emitting', 'emitting diodes', 'diodes', 'emitting', 'organic light', 'light', 'organic']",Light-emitting Diodes,195,2,2,2,0,Under-explored,0.010256409730440527
50,"['ammonia', 'nitrogen', 'nitrate', 'reduction', 'electrochemical', 'synthesis', 'catalysts']",Ammonia and Nitrogen Reactions,133,2,2,2,0,Under-explored,0.015037592854316327
60,"['electron transfer', 'electron', 'proton', 'transfer', 'proton transfer', 'conductivity', 'protons']",Proton-Electron Transfer,131,2,2,2,0,Under-explored,0.015267174407085922
69,"['huntington disease', 'huntington', 'huntingtin', 'disease', 'c9orf72', 'repeat', 'neurodegenerative']",Huntington's Disease,143,3,2,3,0,Under-explored,0.020979019511956676
80,"['bonds', 'carbon', 'bond', 'functionalization', 'cross coupling', 'carbon carbon', 'bonds challenge']",Carbon-Carbon & Carbon-Hydrogen Bond Functionalization,398,4,2,4,0,Under-explored,0.010050251003762539
92,"['oxygen evolution', 'evolution reaction', 'oxygen', 'reaction', 'catalysts', 'oxygen reduction', 'electrocatalysts']",Oxygen Evolution Reaction,418,2,2,1,1,Under-explored,0.0047846888807490705
95,"['methane', 'methanol', 'dehydrogenation', 'catalysts', 'hydrogenation', 'carbon', 'oxidation']",Methane Conversion Catalysis,237,5,2,4,1,Under-explored,0.02109704552333141
96,"['transporters', 'transport', 'proton', 'transporter', 'sodium', 'mechanism', 'chloride']",Ion Transport Mechanisms,440,2,2,2,0,Under-explored,0.004545454442148763
115,"['cell', 'peptidoglycan', 'cell wall', 'bacterial', 'bacterial cell', 'division', 'wall']",Bacterial Cell Division,276,2,2,2,0,Under-explored,0.007246376549044329
116,"['outer membrane', 'outer', 'membrane', 'bacteria', 'negative bacteria', 'gram negative', 'gram']",Bacterial Outer Membrane,226,2,2,2,0,Under-explored,0.00884955713055057
126,"['der waals', 'van der', 'waals', 'der', 'van', 'heterostructures', 'moiré']",Van der Waals Heterostructures,144,2,2,2,0,Under-explored,0.013888887924382783
128,"['skyrmions', 'skyrmion', 'magnetic', 'magnetic skyrmions', 'textures', 'spin', 'spin textures']",Magnetic Skyrmions,155,2,2,2,0,Under-explored,0.012903224973985486
140,"['thermoelectric', 'thermoelectric materials', 'materials', 'thermoelectric performance', 'piezoelectric', 'performance', 'conductivity']",Thermoelectric Materials,203,4,2,4,0,Under-explored,0.019704432526875246
166,"['myelin', 'remyelination', 'myelination', 'oligodendrocyte', 'multiple sclerosis', 'demyelination', 'neuroinflammation']",Myelination Disorders,258,2,2,2,0,Under-explored,0.007751937684033424
172,"['difficile', 'helicobacter', 'infection', 'pylori', 'helicobacter pylori', 'intestinal', 'colonization']",Gut Infection,243,2,2,2,0,Under-explored,0.008230452336195376
181,"['influenza', 'virus', 'influenza virus', 'vaccine', 'antibodies', 'neutralizing', 'vaccines']",Influenza Virus Neutralization,128,2,2,1,1,Under-explored,0.01562499877929697
192,"['atherosclerosis', 'plaques', 'cardiovascular', 'vascular', 'calcification', 'cholesterol', 'arterial']",Atherosclerosis Mechanisms,116,2,2,1,1,Under-explored,0.017241377824019154
195,"['macrophages', 'macrophage', 'inflammation', 'inflammatory', 'neutrophil', 'neutrophils', 'immune']",Macrophage Inflammation,288,2,2,2,0,Under-explored,0.00694444420331791
196,"['inflammatory', 'toll like', 'toll', 'like receptor', 'immune', 'receptor', 'signaling']",Inflammatory Signaling Regulation,377,3,2,3,0,Under-explored,0.007957559470621765
221,"['cilia', 'hedgehog', 'ciliary', 'hedgehog signaling', 'centriole', 'primary cilia', 'signaling']",Ciliary Processes,202,2,2,2,0,Under-explored,0.0099009896088619
227,"['replication', 'dna', 'instability', 'dna replication', 'genomic instability', 'replication stress', 'genome']",Genome Instability,391,2,2,2,0,Under-explored,0.005115089383245796
232,"['histone', 'h3', 'acetylation', 'histone h3', 'lysine', 'histone modifications', 'methylation']",Histone Modifications,161,2,2,2,0,Under-explored,0.012422359476872083
237,"['myosin', 'muscle', 'contraction', 'actomyosin', 'muscle contraction', 'cardiac', 'filaments']",Muscle Myosin Dynamics,171,2,2,2,0,Under-explored,0.01169590574877744
246,"['repair', 'dna', 'dna repair', 'excision repair', 'nucleotide excision', 'excision', 'mismatch repair']",DNA Repair Mechanisms,223,3,2,3,0,Under-explored,0.013452914194936582
247,"['double strand', 'strand', 'dna double', 'dna', 'breaks', 'strand breaks', 'repair']",DNA Double-Strand Break Repair,414,2,2,2,0,Under-explored,0.004830917757707301
252,"['embryonic', 'germ', 'gastrulation', 'embryo', 'implantation', 'development', 'cell']",Embryonic Development,287,2,2,1,1,Under-explored,0.006968640872172792
254,"['cancer', 'cancer stem', 'tumor', 'breast', 'breast cancer', 'cells', 'stem']",Cancer Stem Cells,291,2,2,2,0,Under-explored,0.006872851997496495
255,"['rna', 'mrna', 'decay', 'degradation', 'nonsense', 'mechanisms', 'reductase']",RNA Decay Mechanisms,124,2,2,2,0,Under-explored,0.016129030957336213
286,"['quantum', 'photon', 'photons', 'photonic', 'light', 'single photon', 'momentum']",Quantum Optics,603,2,2,2,0,Under-explored,0.003316749530402164
298,"['ribosome', 'ribosomal', 'ribosomes', 'protein', 'protein synthesis', 'translation', 'assembly']",Ribosome Biogenesis,315,2,2,2,0,Under-explored,0.00634920614764425
304,"['kinase', 'kinases', 'protein', 'phosphorylation', 'protein kinase', 'activation', 'protein kinases']",Protein Kinase Regulation,259,3,2,3,0,Under-explored,0.011583011135791077
324,"['golgi', 'endosomal', 'cargo', 'trafficking', 'sorting', 'recycling', 'transport']",Intracellular Trafficking,171,2,2,2,0,Under-explored,0.01169590574877744
355,"['heat', 'climate', 'extreme', 'weather', 'urban', 'extremes', 'climate change']",Extreme Weather and Heat,146,2,2,1,1,Under-explored,0.013698629198724027
373,"['species', 'invasive species', 'invasive', 'invasions', 'native', 'plant', 'ecosystems']",Invasive species ecology,148,2,2,1,1,Under-explored,0.013513512600438338
378,"['extinction', 'mass extinction', 'mass', 'extinction event', 'permian', 'megafauna', 'extinctions']",Mass Extinction Events,185,2,2,1,1,Under-explored,0.01081081022644269
14,"['ocean', 'atlantic', 'circulation', 'overturning', 'overturning circulation', 'meridional overturning', 'meridional']",Atlantic Meridional Overturning Circulation,197,1,1,1,0,Under-explored,0.005076141874307519
16,"['ice', 'sea ice', 'sea', 'arctic', 'climate', 'antarctic', 'arctic sea']",Polar Climate Variability,266,2,1,2,0,Under-explored,0.007518796709819673
18,"['biomineralization', 'calcium carbonate', 'carbonate', 'calcium', 'mineralization', 'collagen', 'mineral']",Biomineralization Processes,109,2,1,2,0,Under-explored,0.018348622169851177
28,"['bursts', 'gamma ray', 'radio', 'ray', 'fast radio', 'radio bursts', 'gamma']",Fast Radio Bursts,147,1,1,1,0,Under-explored,0.0068027206256652635
30,"['food', 'feeding', 'appetite', 'food intake', 'intake', 'feeding behavior', 'neurons']",Appetite Regulation,126,1,1,0,1,Under-explored,0.007936507306626404
37,"['asteroid', 'comet', 'solar', 'meteorites', 'asteroids', 'carbonaceous', 'interstellar']",Solar System Bodies,306,1,1,1,0,Under-explored,0.0032679737494126226
47,"['blood brain', 'brain barrier', 'brain', 'blood', 'barrier', 'vitamin', 'central nervous']",Blood-Brain Barrier,145,1,1,1,0,Under-explored,0.006896551248513707
73,"['lateral sclerosis', 'amyotrophic lateral', 'amyotrophic', 'sclerosis', 'als', 'lateral', 'sclerosis als']",Amyotrophic Lateral Sclerosis,107,1,1,1,0,Under-explored,0.009345793519084718
111,"['energy storage', 'energy', 'storage', 'supercapacitors', 'capacitance', 'energy density', 'electrochemical']",Energy Storage,154,1,1,1,0,Under-explored,0.006493506071850255
113,"['lithium', 'lithium metal', 'dendrite', 'batteries', 'dendrite growth', 'anodes', 'metal anodes']",Dendrite Formation in Metal Batteries,112,1,1,1,0,Under-explored,0.008928570631377622
122,"['fungi', 'symbiosis', 'symbiotic', 'root', 'host', 'plant', 'mycorrhizal']",Symbiotic relationships,369,2,1,2,0,Under-explored,0.005420054053657072
148,"['zika', 'zika virus', 'virus', 'dengue', 'virus infection', 'infection', 'microcephaly']",Zika and Dengue Virus,195,1,1,1,0,Under-explored,0.005128204865220263
160,"['antiviral', 'viral', 'immune', 'innate', 'viral infections', 'immune response', 'virus']",Innate Antiviral Immunity,264,1,1,1,0,Under-explored,0.0037878786443985364
173,"['spin', 'spins', 'quantum', 'nuclear', 'qubits', 'spin qubits', 'vacancy']",Spin Quantum Technologies,159,1,1,1,0,Under-explored,0.00628930778054668
179,"['insulator', 'mott', 'doping', 'metal', 'metal insulator', 'insulator transition', 'josephson']",Metal-Insulator Transition,356,1,1,1,0,Under-explored,0.0028089886851407676
206,"['iron', 'phosphorus', 'ocean', 'phytoplankton', 'marine', 'productivity', 'southern ocean']",Marine Nutrient Cycling,182,1,1,1,0,Under-explored,0.005494505192609605
220,"['microtubule', 'kinesin', 'microtubules', 'dynein', 'tubulin', 'motor', 'motors']",Microtubule Motor Interactions,305,1,1,1,0,Under-explored,0.0032786884170921834
231,"['cell', 'adhesion', 'mechanical', 'extracellular matrix', 'matrix', 'cells', 'cell adhesion']",Cell Adhesion Mechanics,326,2,1,2,0,Under-explored,0.006134969136964138
238,"['actin', 'filaments', 'actin filaments', 'filament', 'cytoskeleton', 'actin cytoskeleton', 'polymerization']",Actin Cytoskeleton Dynamics,202,4,1,4,0,Under-explored,0.0198019792177238
256,"['tolerance', 'autoimmune', 'autoimmunity', 'cells', 'immune', 'cell', 'autoimmune diseases']",Immune Tolerance Mechanisms,157,1,1,1,0,Under-explored,0.0063694263458964106
274,"['hall', 'hall effect', 'quantum', 'quantum hall', 'anomalous hall', 'effect', 'magnetic']",Quantum Hall Effects,291,1,1,1,0,Under-explored,0.0034364259987482476
292,"['lignin', 'cellulose', 'biomass', 'cell walls', 'plant', 'renewable', 'sustainable']",Lignocellulosic Biomass Utilization,202,1,1,1,0,Under-explored,0.00495049480443095
301,"['atp', 'atpase', 'atp synthase', 'synthase', 'atp hydrolysis', 'hydrolysis', 'atpases']",ATPase Mechanisms,138,1,1,1,0,Under-explored,0.007246376286494472
328,"['membrane', 'fusion', 'membrane fusion', 'curvature', 'membranes', 'proteins', 'fission']",Membrane Dynamics,151,1,1,1,0,Under-explored,0.006622516117714164
329,"['oxytocin', 'aggression', 'social', 'parental', 'maternal', 'care', 'offspring']",Parental and Social Behavior,170,1,1,1,0,Under-explored,0.00588235259515573
335,"['receptors', 'glutamate', 'ampa', 'receptor', 'glutamate receptors', 'gaba', 'synaptic']",Neurotransmitter Receptors,296,1,1,1,0,Under-explored,0.003378378264243978
6,"['inflammasome', 'nlrp3', 'nlrp3 inflammasome', 'inflammasome activation', 'activation', 'inflammatory', 'caspase']",Inflammasome Activation,125,0,0,0,0,Under-explored,0.0
65,"['cov', 'sars cov', 'sars', 'vaccine', 'vaccines', 'covid 19', 'covid']",SARS-CoV-2 Vaccine Development,154,0,0,0,0,Under-explored,0.0
99,"['calcium', 'mitochondrial calcium', 'calcium homeostasis', 'calcium signaling', 'signaling', 'ca2', 'ryanodine']",Calcium Signaling,250,0,0,0,0,Under-explored,0.0
105,"['reactive oxygen', 'oxygen species', 'oxidative stress', 'reactive', 'oxidative', 'oxygen', 'stress']",Oxidative Stress,136,0,0,0,0,Under-explored,0.0
107,"['harmonic generation', 'harmonic', 'comb', 'high harmonic', 'frequency', 'optical', 'clocks']",Harmonic Generation,168,0,0,0,0,Under-explored,0.0
108,"['iron', 'copper', 'zinc', 'homeostasis', 'bacteria', 'deficiency', 'particularly']",Metal Homeostasis,169,0,0,0,0,Under-explored,0.0
143,"['transistors', 'field effect', 'effect transistors', 'organic', 'performance', 'film', 'devices']",Transistor Technologies,146,0,0,0,0,Under-explored,0.0
149,"['virus', 'ebola', 'dengue', 'ebola virus', 'dengue virus', 'fever', 'outbreak']",Ebola and Dengue Viruses,168,0,0,0,0,Under-explored,0.0
164,"['muscle', 'skeletal muscle', 'muscle regeneration', 'skeletal', 'muscle stem', 'regeneration', 'cells']",Skeletal Muscle Regeneration,166,0,0,0,0,Under-explored,0.0
207,"['superconductivity', 'superconductors', 'superconducting', 'superconductivity investigation', 'temperature', 'investigation', 'sub']",Superconductivity in Materials,528,0,0,0,0,Under-explored,0.0
208,"['charge', 'charge density', 'density wave', 'superconductivity', 'superconductors', 'pseudogap', 'wave']",Charge Density Waves,175,0,0,0,0,Under-explored,0.0
229,"['dna damage', 'dna', 'damage', 'damage response', 'repair', 'response', 'cells']",DNA Damage Response,247,0,0,0,0,Under-explored,0.0
241,"['stem', 'hair', 'stem cells', 'cells', 'stem cell', 'skin', 'cell']",Stem Cell Homeostasis,221,0,0,0,0,Under-explored,0.0
300,"['autophagy', 'mitophagy', 'starvation', 'regulation', 'process', 'particularly', 'mechanisms']",Autophagy Processes,257,0,0,0,0,Under-explored,0.0
323,"['clathrin', 'endocytosis', 'mediated endocytosis', 'clathrin mediated', 'vesicles', 'extracellular vesicles', 'extracellular']",Extracellular Vesicles,143,0,0,0,0,Under-explored,0.0
374,"['synaptic', 'neurotransmitter', 'neurotransmitter release', 'synaptic vesicle', 'vesicle', 'synaptic vesicles', 'release']",Synaptic Vesicle Dynamics,305,0,0,0,0,Under-explored,0.0
